{
    "min": [
        -0.04849253594875336,
        -0.046996183693408966,
        -0.04760991781949997
    ],
    "max": [
        0.039129119366407394,
        0.05402204394340515,
        0.03667855262756348
    ]
}